{
  "config": {
    "rompath": "/Users/fg1998/projetos/EmulOS/src/roms1",
    "version": "1"
  },
  "brands": [
    {
      "name": "sinclair",
      "desc": "Sinclair"
    },
    {
      "name": "amstradcpc",
      "desc": "Amstrad CPC"
    },
    {
      "name": "apple",
      "desc": "Apple"
    },
    {
      "name": "commodore",
      "desc": "Commodore"
    },
    {
      "name": "msx",
      "desc": "MSX "
    },
    {
      "name": "trs",
      "desc": "Tandy/Radio Shack"
    },
    {
      "name": "Atari",
      "desc": "Atari"
    }
  ],
  "emulators": [
    {
      "name": "FUSE",
      "key": "fuse",
      "path": "/Applications/Fuse.app/Contents/MacOS/Fuse",
      "desc": "Free Unix Spectrum Emulator. 48k adn 128k spectrum, also others like pentagon and brazilian clone tk90x",
      "param": "--full-screen"
    },
    {
      "name": "ZEsarUX",
      "key": "zesarux",
      "path": "/Applications/Fuse.app/Contents/MacOS/Fuse",
      "desc": "Free Unix Spectrum Emulator. 48k adn 128k spectrum, also others like pentagon and brazilian clone tk90x",
      "param": "--vo sdl --fullscreen"
    },
    {
      "name": "Vice",
      "key": "commodore",
      "path": "/Applications/Vice.app/Contents/macOS/vice",
      "desc": "A 8 bit emulator for 8 bit Commodore Machines, includes C64, C128, VIC20, PET, etc",
      "param": ""
    },
    {
      "name": "uae",
      "key": "amiga",
      "path": "/Applications/Vice.app/Contents/macOS/uae",
      "desc": "Commodore Amiga emulator",
      "param": ""
    },
    {
      "name": "Virtual Apple",
      "key": "apple",
      "path": "/Applications/Vice.app/Contents/macOS/apple2",
      "desc": "Apple 8 bit emulator",
      "param": ""
    }
  ],
  "systems": [
    {
      "id": "1",
      "brand": "apple",
      "name": "Apple ][",
      "desc": "1977’s Apple II was a massive success, featuring a MOS 6502 CPU at 1 MHz, expandable to 48 KB RAM, color graphics, and built-in BASIC.",
      "emulator": "apple",
      "favorite": false,
      "parameter": "--machine ACE --fullscreen",
      "image": "apple2.png"
    },
    {
      "id": "2",
      "brand": "apple",
      "name": "Apple GS",
      "desc": "Released in 1986, achieved success with a 16-bit 65C816 CPU at 2.8 MHz, up to 1 MB RAM, enhanced graphics, and Ensoniq sound.",
      "emulator": "apple",
      "favorite": false,
      "image": "applegs.png",
      "parameter": "--machine ACE --fullscreen"
    },
    {
      "id": "3",
      "brand": "sinclair",
      "name": "ZX Spectrum 48kb",
      "desc": "The ZX Spectrum was among the decade’s best-selling computers, captivating millions via its iconic rubber keys and vibrant gaming library. 16kb or 48kb, color",
      "emulator": "fuse",
      "favorite": true,
      "image": "spectrum48.png",
      "parameter": "--machine 48"
    },
    {
      "id": "4",
      "brand": "sinclair",
      "name": "Spectrum 128",
      "desc": "The ZX Spectrum 128, released in 1985–86, expanded RAM to 128 KB and Spectrum+ keyboard.",
      "emulator": "zesarux",
      "favorite": false,
      "image": "spectrum128.png",
      "parameter": "--machine 128"
    },
    {
      "id": "5",
      "brand": "sinclair",
      "name": "Microdigital TK90X",
      "desc": "The Microdigital TK90X, introduced in 1985, is a Brazilian clone of the Sinclair ZX Spectrum. It uses a Z80A CPU, offers 16–48KB RAM, BASIC ROM, CMOS graphics, and TV output.",
      "emulator": "zesarux",
      "favorite": false,
      "image": "tk90x.png",
      "parameter": "--machine 48 --rom-48 ${rompath}/tk90x.rom --aspect-hint --full-screen"
    },
    {
      "id": "6",
      "brand": "sinclair",
      "name": "Microdigital TK95",
      "desc": "The Microdigital TK95, released in 1986, is an evolution of the TK90X with an enhanced mechanical keyboard, Z80A CPU, 48 KB RAM, 16 KB ROM, composite video output, and built-in joystick ports, housed in a plastic case.",
      "emulator": "fuse",
      "favorite": false,
      "image": "tk95.png",
      "parameter": "--machine 48 --rom-48 ${rompath}/tk95.rom"
    },
    {
      "id": "7",
      "brand": "commodore",
      "name": "PET",
      "desc": "1977’s Commodore PET launched with a MOS 6502 CPU at 1 MHz, 4 KB RAM, and a built-in cassette drive.",
      "emulator": "commodore",
      "favorite": false,
      "parameter": "--machine ACE --fullscreen",
      "image": "pet.png"
    },
    {
      "id": "8",
      "brand": "commodore",
      "name": "Commodore 64",
      "desc": "1982’s Commodore 64 featured a MOS 6510 CPU at 1 MHz, 64 KB RAM, and the iconic SID sound chip.",
      "emulator": "commodore",
      "favorite": true,
      "image": "c64.png",
      "parameter": "--machine ACE --fullscreen"
    },
    {
      "id": "9",
      "brand": "commodore",
      "name": "Commodore 128",
      "desc": "1985’s Commodore 128 offered dual CPUs (8502 at 2 MHz, Z80 at 4 MHz), 128 KB RAM, and three modes.",
      "emulator": "commodore",
      "favorite": false,
      "image": "c128.png",
      "parameter": "--machine ACE --fullscreen"
    },
    {
      "id": "10",
      "brand": "amiga",
      "name": "Amiga 500+",
      "desc": "16 Bit computer",
      "emulator": "amiga",
      "favorite": false,
      "image": "a500.png",
      "parameter": "--machine ACE --fullscreen"
    },
    {
      "id": "11",
      "brand": "msx",
      "name": "Hotbit 1.2",
      "desc": "Brazilian MSX 1.2",
      "emulator": "msx",
      "favorite": true,
      "image": "hotbit.png",
      "parameter": "Sharp_HB-8000_1.2"
    },
    {
      "id": "12",
      "brand": "msx",
      "name": "Expert 1.1",
      "desc": "Brazilian MSX 1",
      "emulator": "msx",
      "favorite": false,
      "image": "expert.png",
      "parameter": "Gradiente_Expert_GPC-1"
    },
    {
      "id": "13",
      "brand": "msx",
      "name": "VG8000",
      "desc": "Philips MSX 1.0",
      "emulator": "fuse",
      "favorite": false,
      "parameter": "--machine ACE --fullscreen",
      "image": "vg8000.png"
    },
    {
      "id": "14",
      "brand": "msx",
      "name": "FS-5500 F2",
      "desc": "Nationa FS-5500 F2 MSX2",
      "emulator": "fuse",
      "image": "fs5500f2.png",
      "favorite": false,
      "parameter": "National_FS-5500F2"
    },
    {
      "id": "15",
      "brand": "msx",
      "name": "FS-A1WSX",
      "desc": "Panasonic MSX2+",
      "emulator": "msx",
      "favorite": false,
      "image": "fsa1wsx.png",
      "parameter": "Panasonic_FS-A1WSX"
    },
    {
      "id": "16",
      "brand": "msx",
      "name": "Boosted MSX2",
      "desc": "GFX9000, Moonsound, FMPac, SCC+",
      "emulator": "fuse",
      "favorite": false,
      "parameter": "Boosted_MSX2_EN",
      "image": "boostedMSX.png"
    },
    {
      "id": "17",
      "brand": "msx",
      "name": "FS-A1GT",
      "desc": "Panasonic MSX Turbo R",
      "emulator": "msx",
      "favorite": false,
      "image": "fsa1gt.png",
      "parameter": "Panasonic_FS-A1GT"
    },
    {
      "id": "18",
      "brand": "commodore",
      "name": "Amiga 1000",
      "desc": "1985’s Commodore Amiga 1000 shipped with a Motorola 68000 CPU at 7.16 MHz, 256 KB RAM, and the custom OCS chipset.",
      "emulator": "amiga",
      "parameter": "",
      "favorite": false,
      "image": "a1000.png"
    },
    {
      "id": "1746187342995",
      "brand": "sinclair",
      "name": "ZX81",
      "desc": "The Sinclair ZX81 revolutionized home computing in 1981, offering affordable programming, minimal graphics, and inspiring a hobbyist community, sparking innovation",
      "emulator": "zesarux",
      "parameter": "--machine zx81 --fullscreen",
      "image": "zx81.png",
      "favorite": false
    },
    {
      "id": "1746187705637",
      "brand": "sinclair",
      "name": "Cambridge Z88",
      "desc": "The Cambridge Z88, launched in 1987, pioneered portable computing with battery efficiency, integrated software suite, and compact design for professionals.",
      "emulator": "fuse",
      "parameter": "--machine z88 -- fullscreen",
      "favorite": false,
      "image": "z88.png"
    },
    {
      "id": "1746188745235",
      "brand": "sinclair",
      "name": "Sinclair QL",
      "desc": "The Sinclair QL, launched in 1984, was an affordable business microcomputer with a Motorola 68008 CPU and innovative microdrive storage",
      "emulator": "zesarux",
      "parameter": "--machine ql --fullscreen",
      "favorite": false,
      "image": "ql.png"
    },
    {
      "id": "1746189319331",
      "brand": "sinclair",
      "name": "Sam Coupe",
      "desc": "The Sam Coupé was an 8-bit microcomputer manufactured by Miles Gordon Technology in 1989, featuring advanced graphics, stereo sound, microdrives.",
      "emulator": "fuse",
      "parameter": "--machine sam --fullscreen",
      "favorite": false,
      "image": "sam.png"
    },
    {
      "id": "1746189592269",
      "brand": "sinclair",
      "name": "ZX Uno",
      "desc": "The ZX-Uno is an FPGA-based ZX Spectrum clone, crowdfunded in 2016, featuring SD card storage, PS/2 keyboard, composite video, audio.",
      "emulator": "fuse",
      "parameter": "--machine zxuno --fullscreen",
      "favorite": false,
      "image": "uno.png"
    },
    {
      "id": "1746190076243",
      "brand": "sinclair",
      "name": "ZX Spectrum NEXT",
      "desc": "The ZX Spectrum Next is an FPGA-based developed by Victor Truco and launched in 2017 offering Z80 at 28 MHz, 2 MB RAM, HDMI, SD storage.",
      "emulator": "fuse",
      "parameter": "--machine tbblue --fullscreen",
      "favorite": false,
      "image": "next.png"
    },
    {
      "id": "1746191781908",
      "brand": "amstradcpc",
      "name": "CPC 464",
      "desc": "The Amstrad CPC 464 launched in 1984 with integrated cassette drive, 64 KB RAM, vibrant graphics, BASIC, and affordable home computing",
      "emulator": "fuse",
      "parameter": "--machine cpc464 --fullscreen",
      "favorite": true,
      "image": "cpc464.png"
    },
    {
      "id": "1746192015135",
      "brand": "amstradcpc",
      "name": "CPC 664",
      "desc": "Launched in 1985 offered 64 KB RAM, built-in 3-inch floppy drive, sleek design, vivid graphics, and BASIC.",
      "emulator": "zesarux",
      "parameter": "--machine cpc664 --fullscreen",
      "favorite": false,
      "image": "cpc664.png"
    },
    {
      "id": "1746192157583",
      "brand": "amstradcpc",
      "name": "CPC 6128",
      "desc": "The Amstrad CPC 6128 released in 1985 featured 128 KB RAM, built-in 3-inch floppy disk, advanced BASIC, and vibrant display modes.",
      "emulator": "fuse",
      "parameter": "--machine cpc6128 --fullscreen",
      "favorite": false,
      "image": "cpc6128.png"
    },
    {
      "id": "1746193174813",
      "brand": "commodore",
      "name": "Amiga 500",
      "desc": "1987’s Commodore Amiga 500 featured a 7.16 MHz Motorola 68000, 512 KB RAM, and the Agnus, Denise, Paula custom chips.",
      "emulator": "fuse",
      "parameter": "",
      "favorite": false,
      "image": "a500.png"
    },
    {
      "id": "1746193196544",
      "brand": "commodore",
      "name": "Amiga 1200",
      "desc": "1992’s Commodore Amiga 1200 shipped with a 14 MHz Motorola 68EC020 CPU, 2 MB RAM, AGA chipset, and a PCMCIA slot.",
      "emulator": "fuse",
      "parameter": "",
      "favorite": true,
      "image": "a1200.png"
    },
    {
      "id": "1746193236753",
      "brand": "commodore",
      "name": "Amiga 4000 (HD)",
      "desc": "1992’s Commodore Amiga 4000 delivered a 25 MHz Motorola 68040 CPU, 2 MB Fast RAM expandable, and the AGA chipset.",
      "emulator": "fuse",
      "parameter": "",
      "favorite": false,
      "image": "a4000.png"
    },
    {
      "id": "1746193870184",
      "brand": "apple",
      "name": "Macintosh",
      "desc": "Macintosh 128K, released in 1984, achieved success with a Motorola 68000 CPU at 8 MHz, 128 KB RAM, 9-inch monochrome display, and GUI mouse interface.",
      "emulator": "fuse",
      "parameter": "",
      "favorite": false,
      "image": "mac.png"
    },
    {
      "id": "1746194267547",
      "brand": "apple",
      "name": "Apple ][ Plus",
      "desc": "Released June 1979, the Apple II Plus added Integer BASIC and 16–48 KB RAM support, offering color graphics and expansion slots, and became a major success.",
      "emulator": "fuse",
      "parameter": "",
      "favorite": true,
      "image": "apple2plus.png"
    },
    {
      "id": "1746194356822",
      "brand": "apple",
      "name": "Apple III",
      "desc": "Released May 1980, the Apple III featured a 1 MHz 6502A CPU, 128–256 KB RAM, built-in keyboard, 80-column display, targeted business users.",
      "emulator": "fuse",
      "parameter": "",
      "favorite": false,
      "image": "apple3.png"
    },
    {
      "id": "1746201310917",
      "brand": "apple",
      "name": "Apple ][ e",
      "desc": "Released January 1983, the Apple IIe featured a 1 MHz 6502 CPU, 64 KB RAM (expandable to 128 KB), ProDOS support, durable keyboard.",
      "emulator": "fuse",
      "parameter": "",
      "favorite": false,
      "image": "apple2e.png"
    },
    {
      "id": "1746201510230",
      "brand": "apple",
      "name": "Lisa",
      "desc": "Apple Lisa, released January 1983, featured a 5 MHz Motorola 68000 CPU, 1 MB RAM, GUI, dual floppy drives, aimed at professionals",
      "emulator": "fuse",
      "parameter": "",
      "favorite": false,
      "image": "lisa.png"
    },
    {
      "id": "1746203338322",
      "brand": "trs",
      "name": "TRS-80 Model III",
      "desc": "Released in 1980, used a Zilog Z80A at 2.03 MHz with 16–48 KB RAM and cassette storage.",
      "emulator": "fuse",
      "parameter": "",
      "favorite": false,
      "image": "trs80model3.png"
    },
    {
      "id": "1746203449033",
      "brand": "trs",
      "name": "TRS Color Computer 2",
      "desc": "The TRS-80 Color Computer 2, introduced in 1983, featured a Motorola 6809E at 0.895 MHz, 16–64 KB RAM, and 256×192 graphics.",
      "emulator": "fuse",
      "parameter": "",
      "favorite": false,
      "image": "trscolor2.png"
    },
    {
      "id": "1746203681426",
      "brand": "trs",
      "name": "Microdigital CP-500",
      "desc": "Introduced in 1982 by Prológica as a Brazilian clone of the TRS-80 Model III, the CP-500 ran a Zilog Z80A at 2 MHz with 16–48 KiB RAM and used floppy-disk storage.",
      "emulator": "fuse",
      "parameter": "",
      "favorite": false,
      "image": "cp500.png"
    },
    {
      "id": "1746204504016",
      "brand": "Atari",
      "name": "Atari 800",
      "desc": "Debuting in 1979, the 800 offered a 1.79 MHz MOS 6502, expandable 8–48 KB RAM, and 320×192 high-resolution graphics",
      "emulator": "fuse",
      "parameter": "",
      "favorite": false,
      "image": "atari800.png"
    },
    {
      "id": "1746204609974",
      "brand": "Atari",
      "name": "Atari 800XL",
      "desc": "Released in 1983 by Atari, the 800XL featured a 1.79 MHz MOS 6502C CPU, 64 KB RAM, and 320×192 graphics.",
      "emulator": "fuse",
      "parameter": "",
      "favorite": false,
      "image": "atari800xl.png"
    },
    {
      "id": "1746204798260",
      "brand": "Atari",
      "name": "Atari ST",
      "desc": "Released in 1985, Atari’s 520ST ran a Motorola 68000 CPU at 8 MHz with 512 KiB RAM, 320×200 color graphics; floppy-disk storage.",
      "emulator": "fuse",
      "parameter": "",
      "favorite": false,
      "image": "atari520st.png"
    },
    {
      "id": "1746205326971",
      "brand": "Atari",
      "name": "Falcon 030",
      "desc": "Introduced in 1992, Atari’s Falcon 030 ran a Motorola 68030 at 16 MHz with 1 MB RAM (expandable), onboard DSP, MIDI ports, and SVGA graphics.",
      "emulator": "fuse",
      "parameter": "",
      "favorite": false,
      "image": "atarifalcon.png"
    },
    {
      "id": "1746205656735",
      "brand": "commodore",
      "name": "VIC 20",
      "desc": "Introduced in 1980, the VIC-20 featured a 1.1 MHz MOS 6502 CPU, 5 KB RAM, 176×184 graphics, and cartridge-based storage",
      "emulator": "fuse",
      "parameter": "",
      "favorite": false,
      "image": "vic20.png"
    }
  ]
}